holiday,query,url
Agonalia,Agonalia Roman festival,https://en.wikipedia.org/wiki/Special:Search?search=Agonalia%20Roman%20festival
Armilvstrivm,Armilustrium Roman festival,https://en.wikipedia.org/wiki/Special:Search?search=Armilustrium%20Roman%20festival
Avgvstalia,Augustalia Roman festival,https://en.wikipedia.org/wiki/Special:Search?search=Augustalia%20Roman%20festival
Bona Dea,Bona Dea Roman festival,https://en.wikipedia.org/wiki/Special:Search?search=Bona%20Dea%20Roman%20festival
Calends,Kalends Roman calendar,https://en.wikipedia.org/wiki/Special:Search?search=Kalends%20Roman%20calendar
Caristia,Caristia Roman festival,https://en.wikipedia.org/wiki/Special:Search?search=Caristia%20Roman%20festival
Carmentalia,Carmentalia Roman festival,https://en.wikipedia.org/wiki/Special:Search?search=Carmentalia%20Roman%20festival
Cerialia,Cerialia Roman festival,https://en.wikipedia.org/wiki/Special:Search?search=Cerialia%20Roman%20festival
Circvs Maximvs,Circus Maximus ancient Rome,https://en.wikipedia.org/wiki/Special:Search?search=Circus%20Maximus%20ancient%20Rome
Compitalia,Compitalia Roman festival,https://en.wikipedia.org/wiki/Special:Search?search=Compitalia%20Roman%20festival
Concordia,Concordia Roman festival,https://en.wikipedia.org/wiki/Special:Search?search=Concordia%20Roman%20festival
Consvalia,Consualia Roman festival,https://en.wikipedia.org/wiki/Special:Search?search=Consualia%20Roman%20festival
Dies Natalis Solis Invicti,Dies Natalis Solis Inuicti Roman festival,https://en.wikipedia.org/wiki/Special:Search?search=Dies%20Natalis%20Solis%20Inuicti%20Roman%20festival
Dies Religiosvs ,Dies Religiosus Roman festival,https://en.wikipedia.org/wiki/Special:Search?search=Dies%20Religiosus%20Roman%20festival
Dies ater,Dies ater Roman calendar,https://en.wikipedia.org/wiki/Special:Search?search=Dies%20ater%20Roman%20calendar
Divalia,Diualia Roman festival,https://en.wikipedia.org/wiki/Special:Search?search=Diualia%20Roman%20festival
Eponalia,Eponalia Roman festival,https://en.wikipedia.org/wiki/Special:Search?search=Eponalia%20Roman%20festival
Epvlvm Iovis,Epulum Iouis Roman festival,https://en.wikipedia.org/wiki/Special:Search?search=Epulum%20Iouis%20Roman%20festival
Epvlvm Jovis,Epulum Jouis Roman festival,https://en.wikipedia.org/wiki/Special:Search?search=Epulum%20Jouis%20Roman%20festival
Eqvirria,Equirria Roman festival,https://en.wikipedia.org/wiki/Special:Search?search=Equirria%20Roman%20festival
Eqvorvm probatio,Equorum probatio Roman festival,https://en.wikipedia.org/wiki/Special:Search?search=Equorum%20probatio%20Roman%20festival
Eqvvs October,October Horse ancient Rome,https://en.wikipedia.org/wiki/Special:Search?search=October%20Horse%20ancient%20Rome
Feralia,Feralia Roman festival,https://en.wikipedia.org/wiki/Special:Search?search=Feralia%20Roman%20festival
Feriae Iovi,Feriae Iovi Roman festival,https://en.wikipedia.org/wiki/Special:Search?search=Feriae%20Iovi%20Roman%20festival
Feriae Marti,Feriae Marti Roman festival,https://en.wikipedia.org/wiki/Special:Search?search=Feriae%20Marti%20Roman%20festival
Flors Fortvna,Flors Fortuna Roman festival,https://en.wikipedia.org/wiki/Special:Search?search=Flors%20Fortuna%20Roman%20festival
Fontinalia,Fontinalia Roman festival,https://en.wikipedia.org/wiki/Special:Search?search=Fontinalia%20Roman%20festival
Fordicidia,Fordicidia Roman festival,https://en.wikipedia.org/wiki/Special:Search?search=Fordicidia%20Roman%20festival
Fornacalia,Fornacalia Roman festival,https://en.wikipedia.org/wiki/Special:Search?search=Fornacalia%20Roman%20festival
Fvrrinalia,Furrinalia Roman festival,https://en.wikipedia.org/wiki/Special:Search?search=Furrinalia%20Roman%20festival
Ides,Ides Roman calendar,https://en.wikipedia.org/wiki/Special:Search?search=Ides%20Roman%20calendar
Ieivnivm Cereris,Ieiunium Cereris Roman festival,https://en.wikipedia.org/wiki/Special:Search?search=Ieiunium%20Cereris%20Roman%20festival
Larentalia,Larentalia Roman festival,https://en.wikipedia.org/wiki/Special:Search?search=Larentalia%20Roman%20festival
Lemvria,Lemuria Roman festival,https://en.wikipedia.org/wiki/Special:Search?search=Lemuria%20Roman%20festival
Liberalia,Liberalia Roman festival,https://en.wikipedia.org/wiki/Special:Search?search=Liberalia%20Roman%20festival
Lvcaria,Lucaria Roman festival,https://en.wikipedia.org/wiki/Special:Search?search=Lucaria%20Roman%20festival
Lvdi Apollinares,Ludi Apollinares Roman festival,https://en.wikipedia.org/wiki/Special:Search?search=Ludi%20Apollinares%20Roman%20festival
Lvdi Avgvstales,Ludi Augustales Roman festival,https://en.wikipedia.org/wiki/Special:Search?search=Ludi%20Augustales%20Roman%20festival
Lvdi Florales,Ludi Florales Roman festival,https://en.wikipedia.org/wiki/Special:Search?search=Ludi%20Florales%20Roman%20festival
Lvdi Piscatorii,Ludi Piscatorii Roman festival,https://en.wikipedia.org/wiki/Special:Search?search=Ludi%20Piscatorii%20Roman%20festival
Lvdi Plebeii,Ludi Plebeii Roman festival,https://en.wikipedia.org/wiki/Special:Search?search=Ludi%20Plebeii%20Roman%20festival
Lvdi Romani,Ludi Romani Roman festival,https://en.wikipedia.org/wiki/Special:Search?search=Ludi%20Romani%20Roman%20festival
Lvdi Victoriae Caesaris,Ludi Uictoriae Caesaris Roman festival,https://en.wikipedia.org/wiki/Special:Search?search=Ludi%20Uictoriae%20Caesaris%20Roman%20festival
Lvdi Victoriae Svllanae,Ludi Uictoriae Sullanae Roman festival,https://en.wikipedia.org/wiki/Special:Search?search=Ludi%20Uictoriae%20Sullanae%20Roman%20festival
Lvdi circenses,Ludi circenses ancient Rome,https://en.wikipedia.org/wiki/Special:Search?search=Ludi%20circenses%20ancient%20Rome
Lvpercalia,Lupercalia Roman festival,https://en.wikipedia.org/wiki/Special:Search?search=Lupercalia%20Roman%20festival
Matralia,Matralia Roman festival,https://en.wikipedia.org/wiki/Special:Search?search=Matralia%20Roman%20festival
Meditrinalia,Meditrinalia Roman festival,https://en.wikipedia.org/wiki/Special:Search?search=Meditrinalia%20Roman%20festival
Megalesia,Megalesia Roman festival,https://en.wikipedia.org/wiki/Special:Search?search=Megalesia%20Roman%20festival
Mercvralia,Mercuralia Roman festival,https://en.wikipedia.org/wiki/Special:Search?search=Mercuralia%20Roman%20festival
Nemoralia,Nemoralia Roman festival,https://en.wikipedia.org/wiki/Special:Search?search=Nemoralia%20Roman%20festival
Neptvnalia,Neptunalia Roman festival,https://en.wikipedia.org/wiki/Special:Search?search=Neptunalia%20Roman%20festival
Nonae Caprotinae,Nonae Caprotinae Roman festival,https://en.wikipedia.org/wiki/Special:Search?search=Nonae%20Caprotinae%20Roman%20festival
Nones,Nones Roman calendar,https://en.wikipedia.org/wiki/Special:Search?search=Nones%20Roman%20calendar
Opalia,Opalia Roman festival,https://en.wikipedia.org/wiki/Special:Search?search=Opalia%20Roman%20festival
Opiconsivia,Opiconsiuia Roman festival,https://en.wikipedia.org/wiki/Special:Search?search=Opiconsiuia%20Roman%20festival
Parentatio,Parentatio Roman festival,https://en.wikipedia.org/wiki/Special:Search?search=Parentatio%20Roman%20festival
Parilia,Parilia Roman festival,https://en.wikipedia.org/wiki/Special:Search?search=Parilia%20Roman%20festival
Poplifvgia,Poplifugia Roman festival,https://en.wikipedia.org/wiki/Special:Search?search=Poplifugia%20Roman%20festival
Portvnalia,Portunalia Roman festival,https://en.wikipedia.org/wiki/Special:Search?search=Portunalia%20Roman%20festival
QRCF,QRCF Roman calendar,https://en.wikipedia.org/wiki/Special:Search?search=QRCF%20Roman%20calendar
Qvando Rex Comitiavit Fas,Quando Rex Comitiavit Fas Roman calendar,https://en.wikipedia.org/wiki/Special:Search?search=Quando%20Rex%20Comitiavit%20Fas%20Roman%20calendar
Qvinqvatrvs,Quinquatrus Roman festival,https://en.wikipedia.org/wiki/Special:Search?search=Quinquatrus%20Roman%20festival
Qvinqvatrvs minvscvlae,Quinquatrus minusculae Roman festival,https://en.wikipedia.org/wiki/Special:Search?search=Quinquatrus%20minusculae%20Roman%20festival
Regifvgivm,Regifugium Roman festival,https://en.wikipedia.org/wiki/Special:Search?search=Regifugium%20Roman%20festival
Robigalia,Robigalia Roman festival,https://en.wikipedia.org/wiki/Special:Search?search=Robigalia%20Roman%20festival
Sacrificivm pvblicvm,Sacrificium publicum Roman festival,https://en.wikipedia.org/wiki/Special:Search?search=Sacrificium%20publicum%20Roman%20festival
Sacrvm Mamvrio,Sacrum Mamurio Roman festival,https://en.wikipedia.org/wiki/Special:Search?search=Sacrum%20Mamurio%20Roman%20festival
Satvrnalia,Saturnalia Roman festival,https://en.wikipedia.org/wiki/Special:Search?search=Saturnalia%20Roman%20festival
Sementivae,Sementiuae Roman festival,https://en.wikipedia.org/wiki/Special:Search?search=Sementiuae%20Roman%20festival
Svpplicia canvm,Supplicia canum Roman festival,https://en.wikipedia.org/wiki/Special:Search?search=Supplicia%20canum%20Roman%20festival
Terminalia,Terminalia Roman festival,https://en.wikipedia.org/wiki/Special:Search?search=Terminalia%20Roman%20festival
Transvectio eqvitvm,Transuectio equitum Roman festival,https://en.wikipedia.org/wiki/Special:Search?search=Transuectio%20equitum%20Roman%20festival
Tvbilvstrivm,Tubilustrium Roman festival,https://en.wikipedia.org/wiki/Special:Search?search=Tubilustrium%20Roman%20festival
Vediovis,Uediouis Roman festival,https://en.wikipedia.org/wiki/Special:Search?search=Uediouis%20Roman%20festival
Veneralia,Ueneralia Roman festival,https://en.wikipedia.org/wiki/Special:Search?search=Ueneralia%20Roman%20festival
Vestalia,Uestalia Roman festival,https://en.wikipedia.org/wiki/Special:Search?search=Uestalia%20Roman%20festival
Vinalia,Uinalia Roman festival,https://en.wikipedia.org/wiki/Special:Search?search=Uinalia%20Roman%20festival
Vinalia Rvstica,Uinalia Rustica Roman festival,https://en.wikipedia.org/wiki/Special:Search?search=Uinalia%20Rustica%20Roman%20festival
Vitvlatio,Uitulatio Roman festival,https://en.wikipedia.org/wiki/Special:Search?search=Uitulatio%20Roman%20festival
Voltvrnalia,Uolturnalia Roman festival,https://en.wikipedia.org/wiki/Special:Search?search=Uolturnalia%20Roman%20festival
Vota Pvblica,Uota Publica Roman festival,https://en.wikipedia.org/wiki/Special:Search?search=Uota%20Publica%20Roman%20festival
Vvlcanalia,Uulcanalia Roman festival,https://en.wikipedia.org/wiki/Special:Search?search=Uulcanalia%20Roman%20festival
